theta_deg;pressure_sim_bar
-114.500000;1.382000
-114.160000;1.387459
-113.820000;1.392979
-113.480000;1.398560
-113.140000;1.404205
-112.800000;1.409913
-112.460000;1.415685
-112.120000;1.421522
-111.780000;1.427425
-111.440000;1.433395
-111.100000;1.439432
-110.760000;1.445538
-110.420000;1.451713
-110.080000;1.457958
-109.740000;1.464273
-109.400000;1.470661
-109.060000;1.477122
-108.720000;1.483656
-108.380000;1.490266
-108.040000;1.496950
-107.700000;1.503712
-107.360000;1.510551
-107.020000;1.517469
-106.680000;1.524467
-106.340000;1.531545
-106.000000;1.538705
-105.660000;1.545948
-105.320000;1.553275
-104.980000;1.560687
-104.640000;1.568186
-104.300000;1.575772
-103.960000;1.583446
-103.620000;1.591210
-103.280000;1.599066
-102.940000;1.607013
-102.600000;1.615054
-102.260000;1.623190
-101.920000;1.631422
-101.580000;1.639751
-101.240000;1.648179
-100.900000;1.656708
-100.560000;1.665337
-100.220000;1.674070
-99.880000;1.682907
-99.540000;1.691850
-99.200000;1.700900
-98.860000;1.710059
-98.520000;1.719328
-98.180000;1.728709
-97.840000;1.738204
-97.500000;1.747814
-97.160000;1.757540
-96.820000;1.767385
-96.480000;1.777351
-96.140000;1.787438
-95.800000;1.797649
-95.460000;1.807985
-95.120000;1.818449
-94.780000;1.829042
-94.440000;1.839766
-94.100000;1.850623
-93.760000;1.861615
-93.420000;1.872745
-93.080000;1.884013
-92.740000;1.895422
-92.400000;1.906974
-92.060000;1.918672
-91.720000;1.930518
-91.380000;1.942513
-91.040000;1.954660
-90.700000;1.966962
-90.360000;1.979420
-90.020000;1.992038
-89.680000;2.004817
-89.340000;2.017760
-89.000000;2.030870
-88.660000;2.044149
-88.320000;2.057600
-87.980000;2.071226
-87.640000;2.085028
-87.300000;2.099011
-86.960000;2.113176
-86.620000;2.127528
-86.280000;2.142068
-85.940000;2.156799
-85.600000;2.171726
-85.260000;2.186850
-84.920000;2.202176
-84.580000;2.217705
-84.240000;2.233443
-83.900000;2.249391
-83.560000;2.265553
-83.220000;2.281934
-82.880000;2.298536
-82.540000;2.315363
-82.200000;2.332419
-81.860000;2.349707
-81.520000;2.367232
-81.180000;2.384997
-80.840000;2.403006
-80.500000;2.421264
-80.160000;2.439774
-79.820000;2.458541
-79.480000;2.477570
-79.140000;2.496864
-78.800000;2.516428
-78.460000;2.536267
-78.120000;2.556385
-77.780000;2.576788
-77.440000;2.597479
-77.100000;2.618465
-76.760000;2.639750
-76.420000;2.661339
-76.080000;2.683238
-75.740000;2.705452
-75.400000;2.727986
-75.060000;2.750847
-74.720000;2.774040
-74.380000;2.797571
-74.040000;2.821445
-73.700000;2.845670
-73.360000;2.870250
-73.020000;2.895194
-72.680000;2.920506
-72.340000;2.946194
-72.000000;2.972265
-71.660000;2.998725
-71.320000;3.025582
-70.980000;3.052843
-70.640000;3.080515
-70.300000;3.108606
-69.960000;3.137123
-69.620000;3.166074
-69.280000;3.195468
-68.940000;3.225313
-68.600000;3.255616
-68.260000;3.286388
-67.920000;3.317635
-67.580000;3.349368
-67.240000;3.381596
-66.900000;3.414327
-66.560000;3.447571
-66.220000;3.481339
-65.880000;3.515640
-65.540000;3.550485
-65.200000;3.585883
-64.860000;3.621846
-64.520000;3.658384
-64.180000;3.695508
-63.840000;3.733231
-63.500000;3.771563
-63.160000;3.810516
-62.820000;3.850103
-62.480000;3.890337
-62.140000;3.931229
-61.800000;3.972793
-61.460000;4.015042
-61.120000;4.057989
-60.780000;4.101650
-60.440000;4.146037
-60.100000;4.191166
-59.760000;4.237051
-59.420000;4.283708
-59.080000;4.331152
-58.740000;4.379399
-58.400000;4.428466
-58.060000;4.478368
-57.720000;4.529124
-57.380000;4.580750
-57.040000;4.633264
-56.700000;4.686685
-56.360000;4.741032
-56.020000;4.796322
-55.680000;4.852577
-55.340000;4.909816
-55.000000;4.968059
-54.660000;5.027327
-54.320000;5.087641
-53.980000;5.149025
-53.640000;5.211499
-53.300000;5.275087
-52.960000;5.339812
-52.620000;5.405699
-52.280000;5.472771
-51.940000;5.541054
-51.600000;5.610574
-51.260000;5.681356
-50.920000;5.753428
-50.580000;5.826817
-50.240000;5.901552
-49.900000;5.977660
-49.560000;6.055171
-49.220000;6.134115
-48.880000;6.214524
-48.540000;6.296428
-48.200000;6.379859
-47.860000;6.464851
-47.520000;6.551437
-47.180000;6.639652
-46.840000;6.729529
-46.500000;6.821106
-46.160000;6.914419
-45.820000;7.009506
-45.480000;7.106404
-45.140000;7.205153
-44.800000;7.305792
-44.460000;7.408363
-44.120000;7.512908
-43.780000;7.619468
-43.440000;7.728088
-43.100000;7.838811
-42.760000;7.951683
-42.420000;8.066749
-42.080000;8.184059
-41.740000;8.303658
-41.400000;8.425596
-41.060000;8.549924
-40.720000;8.676692
-40.380000;8.805951
-40.040000;8.937756
-39.700000;9.072158
-39.360000;9.209215
-39.020000;9.348980
-38.680000;9.491511
-38.340000;9.636865
-38.000000;9.785102
-37.660000;9.936280
-37.320000;10.090460
-36.980000;10.247703
-36.640000;10.408072
-36.300000;10.571629
-35.960000;10.738438
-35.620000;10.908565
-35.280000;11.082075
-34.940000;11.259033
-34.600000;11.439508
-34.260000;11.623565
-33.920000;11.811274
-33.580000;12.002704
-33.240000;12.197922
-32.900000;12.397000
-32.560000;12.600005
-32.220000;12.807010
-31.880000;13.018082
-31.540000;13.233294
-31.200000;13.452715
-30.860000;13.676414
-30.520000;13.904461
-30.180000;14.136925
-29.840000;14.373875
-29.500000;14.615377
-29.160000;14.861499
-28.820000;15.112306
-28.480000;15.367861
-28.140000;15.628228
-27.800000;15.893466
-27.460000;16.163634
-27.120000;16.438789
-26.780000;16.718983
-26.440000;17.004267
-26.100000;17.294689
-25.760000;17.590292
-25.420000;17.891116
-25.080000;18.197197
-24.740000;18.508565
-24.400000;18.825247
-24.060000;19.147262
-23.720000;19.474626
-23.380000;19.807346
-23.040000;20.145422
-22.700000;20.488849
-22.360000;20.837613
-22.020000;21.191690
-21.680000;21.551049
-21.340000;21.915648
-21.000000;22.285435
-20.660000;22.660349
-20.320000;23.040315
-19.980000;23.425248
-19.640000;23.815048
-19.300000;24.209603
-18.960000;24.608788
-18.620000;25.012461
-18.280000;25.420467
-17.940000;25.832633
-17.600000;26.248772
-17.260000;26.668676
-16.920000;27.092122
-16.580000;27.518869
-16.240000;27.948655
-15.900000;28.381200
-15.560000;28.816204
-15.220000;29.253345
-14.880000;29.692284
-14.540000;30.132657
-14.200000;30.574081
-13.860000;31.016153
-13.520000;31.458445
-13.180000;31.900512
-12.840000;32.341884
-12.500000;32.782072
-12.160000;33.220568
-11.820000;33.656842
-11.480000;34.090344
-11.140000;34.520508
-10.800000;34.946750
-10.460000;35.368467
-10.120000;35.785044
-9.780000;36.195849
-9.440000;36.600240
-9.100000;36.997565
-8.760000;37.387160
-8.420000;37.768356
-8.080000;38.140481
-7.740000;38.502857
-7.400000;38.854809
-7.060000;39.195663
-6.720000;39.524751
-6.380000;39.841413
-6.040000;40.144997
-5.700000;40.434868
-5.360000;40.710406
-5.020000;40.971010
-4.680000;41.216100
-4.340000;41.445124
-4.000000;41.657554
-3.660000;41.852897
-3.320000;42.030688
-2.980000;42.190501
-2.640000;42.331948
-2.300000;42.454679
-1.960000;42.558389
-1.620000;42.642814
-1.280000;42.707736
-0.940000;42.752986
-0.600000;42.778441
-0.260000;42.784025
0.080000;42.769714
0.420000;42.735531
0.760000;42.681548
1.100000;42.607888
1.440000;42.514719
1.780000;42.402258
2.120000;42.319655
2.460000;42.497122
2.800000;42.819895
3.140000;43.239445
3.480000;43.730118
3.820000;44.274144
4.160000;44.857737
4.500000;45.469533
4.840000;46.099828
5.180000;46.740158
5.520000;47.383049
5.860000;48.021856
6.200000;48.650655
6.540000;49.264166
6.880000;49.857696
7.220000;50.427091
7.560000;50.968703
7.900000;51.479356
8.240000;51.956317
8.580000;52.397272
8.920000;52.800298
9.260000;53.163841
9.600000;53.486692
9.940000;53.767963
10.280000;54.007069
10.620000;54.203699
10.960000;54.357801
11.300000;54.469555
11.640000;54.539356
11.980000;54.567793
12.320000;54.555627
12.660000;54.503774
13.000000;54.413287
13.340000;54.285339
13.680000;54.121202
14.020000;53.922238
14.360000;53.689877
14.700000;53.425609
15.040000;53.130968
15.380000;52.807520
15.720000;52.456851
16.060000;52.080562
16.400000;51.680250
16.740000;51.257510
17.080000;50.813920
17.420000;50.351037
17.760000;49.870392
18.100000;49.373481
18.440000;48.861765
18.780000;48.336662
19.120000;47.799548
19.460000;47.251750
19.800000;46.694545
20.140000;46.129162
20.480000;45.556776
20.820000;44.978507
21.160000;44.395425
21.500000;43.808545
21.840000;43.218827
22.180000;42.627180
22.520000;42.034460
22.860000;41.441472
23.200000;40.848971
23.540000;40.257661
23.880000;39.668200
24.220000;39.081199
24.560000;38.497226
24.900000;37.916804
25.240000;37.340414
25.580000;36.768500
25.920000;36.201465
26.260000;35.639678
26.600000;35.083473
26.940000;34.533150
27.280000;33.988980
27.620000;33.451202
27.960000;32.920029
28.300000;32.395647
28.640000;31.878219
28.980000;31.367883
29.320000;30.864755
29.660000;30.368932
30.000000;29.880493
30.340000;29.399498
30.680000;28.925989
31.020000;28.459997
31.360000;28.001536
31.700000;27.550608
32.040000;27.107202
32.380000;26.671297
32.720000;26.242864
33.060000;25.821861
33.400000;25.408239
33.740000;25.001944
34.080000;24.602912
34.420000;24.211075
34.760000;23.826357
35.100000;23.448680
35.440000;23.077959
35.780000;22.714108
36.120000;22.357036
36.460000;22.006649
36.800000;21.662850
37.140000;21.325542
37.480000;20.994625
37.820000;20.669997
38.160000;20.351555
38.500000;20.039198
38.840000;19.732820
39.180000;19.432319
39.520000;19.137589
39.860000;18.848527
40.200000;18.565029
40.540000;18.286991
40.880000;18.014311
41.220000;17.746887
41.560000;17.484618
41.900000;17.227403
42.240000;16.975143
42.580000;16.727740
42.920000;16.485097
43.260000;16.247118
43.600000;16.013710
43.940000;15.784779
44.280000;15.560234
44.620000;15.339984
44.960000;15.123941
45.300000;14.912017
45.640000;14.704127
45.980000;14.500187
46.320000;14.300115
46.660000;14.103828
47.000000;13.911247
47.340000;13.722296
47.680000;13.536895
48.020000;13.354972
48.360000;13.176452
48.700000;13.001263
49.040000;12.829335
49.380000;12.660599
49.720000;12.494987
50.060000;12.332433
50.400000;12.172872
50.740000;12.016240
51.080000;11.862477
51.420000;11.711520
51.760000;11.563312
52.100000;11.417793
52.440000;11.274907
52.780000;11.134598
53.120000;10.996813
53.460000;10.861498
53.800000;10.728602
54.140000;10.598073
54.480000;10.469862
54.820000;10.343921
55.160000;10.220203
55.500000;10.098661
55.840000;9.979250
56.180000;9.861926
56.520000;9.746645
56.860000;9.633366
57.200000;9.522048
57.540000;9.412649
57.880000;9.305131
58.220000;9.199455
58.560000;9.095584
58.900000;8.993481
59.240000;8.893110
59.580000;8.794435
59.920000;8.697424
60.260000;8.602041
60.600000;8.508255
60.940000;8.416034
61.280000;8.325345
61.620000;8.236159
61.960000;8.148446
62.300000;8.062177
62.640000;7.977322
62.980000;7.893854
63.320000;7.811747
63.660000;7.730972
64.000000;7.651505
64.340000;7.573319
64.680000;7.496390
65.020000;7.420693
65.360000;7.346205
65.700000;7.272902
66.040000;7.200761
66.380000;7.129761
66.720000;7.059880
67.060000;6.991095
67.400000;6.923387
67.740000;6.856735
68.080000;6.791120
68.420000;6.726520
68.760000;6.662919
69.100000;6.600296
69.440000;6.538634
69.780000;6.477915
70.120000;6.418121
70.460000;6.359235
70.800000;6.301241
71.140000;6.244123
71.480000;6.187863
71.820000;6.132447
72.160000;6.077859
72.500000;6.024085
72.840000;5.971109
73.180000;5.918917
73.520000;5.867496
73.860000;5.816830
74.200000;5.766907
74.540000;5.717715
74.880000;5.669238
75.220000;5.621466
75.560000;5.574385
75.900000;5.527984
76.240000;5.482250
76.580000;5.437173
76.920000;5.392740
77.260000;5.348940
77.600000;5.305762
77.940000;5.263197
78.280000;5.221232
78.620000;5.179859
78.960000;5.139066
79.300000;5.098844
79.640000;5.059184
79.980000;5.020075
80.320000;4.981509
80.660000;4.943476
81.000000;4.905967
81.340000;4.868974
81.680000;4.832489
82.020000;4.796502
82.360000;4.761005
82.700000;4.725991
83.040000;4.691452
83.380000;4.657379
83.720000;4.623765
84.060000;4.590603
84.400000;4.557885
84.740000;4.525604
85.080000;4.493753
85.420000;4.462325
85.760000;4.431314
86.100000;4.400712
86.440000;4.370514
86.780000;4.340712
87.120000;4.311301
87.460000;4.282275
87.800000;4.253627
88.140000;4.225351
88.480000;4.197442
88.820000;4.169893
89.160000;4.142700
89.500000;4.115857
89.840000;4.089358
90.180000;4.063199
90.520000;4.037373
90.860000;4.011876
91.200000;3.986703
91.540000;3.961849
91.880000;3.937309
92.220000;3.913078
92.560000;3.889152
92.900000;3.865526
93.240000;3.842196
93.580000;3.819157
93.920000;3.796406
94.260000;3.773936
94.600000;3.751746
94.940000;3.729829
95.280000;3.708183
95.620000;3.686804
95.960000;3.665687
96.300000;3.644829
96.640000;3.624226
96.980000;3.603874
97.320000;3.583770
97.660000;3.563910
98.000000;3.544291
98.340000;3.524909
98.680000;3.505761
99.020000;3.486844
99.360000;3.468154
99.700000;3.449688
100.040000;3.431443
100.380000;3.413416
100.720000;3.395604
101.060000;3.378004
101.400000;3.360613
101.740000;3.343427
102.080000;3.326445
102.420000;3.309664
102.760000;3.293080
103.100000;3.276691
103.440000;3.260495
103.780000;3.244488
104.120000;3.228669
104.460000;3.213034
104.800000;3.197581
105.140000;3.182308
105.480000;3.167213
105.820000;3.152293
106.160000;3.137545
106.500000;3.122968
106.840000;3.108559
107.180000;3.094316
107.520000;3.080236
107.860000;3.066319
108.200000;3.052561
108.540000;3.038960
108.880000;3.025515
109.220000;3.012224
109.560000;2.999084
109.900000;2.986094
110.240000;2.973251
110.580000;2.960554
110.920000;2.948001
111.260000;2.935591
111.600000;2.923320
111.940000;2.911189
112.280000;2.899194
112.620000;2.887334
112.960000;2.875608
113.300000;2.864014
113.640000;2.852550
113.980000;2.841214
114.320000;2.830006
114.500000;2.824123
