theta_rad;theta_deg;pressure_exp_kPa;pressure_sim_kPa;temperature_K;heat_loss_J;burned_fraction;dQ_dtheta_kJ_per_rad
-1.998401994;-114.500000;138.200000;138.200000;308.150000;0.000000;0.000000000;0.000000000
-1.989675347;-114.000000;139.800000;139.004862;308.659397;-0.014545;0.000000000;0.000000000
-1.980948701;-113.500000;139.600000;139.823028;309.174687;-0.029060;0.000000000;0.000000000
-1.972222055;-113.000000;141.700000;140.654740;309.695933;-0.043545;0.000000000;0.000000000
-1.963495408;-112.500000;140.300000;141.500245;310.223196;-0.057999;0.000000000;0.000000000
-1.954768762;-112.000000;142.900000;142.359796;310.756543;-0.072422;0.000000000;0.000000000
-1.946042116;-111.500000;143.700000;143.233651;311.296038;-0.086814;0.000000000;0.000000000
-1.937315470;-111.000000;144.300000;144.122075;311.841747;-0.101173;0.000000000;0.000000000
-1.928588823;-110.500000;145.200000;145.025339;312.393738;-0.115499;0.000000000;0.000000000
-1.919862177;-110.000000;147.200000;145.943720;312.952078;-0.129792;0.000000000;0.000000000
-1.911135531;-109.500000;147.400000;146.877502;313.516836;-0.144051;0.000000000;0.000000000
-1.902408885;-109.000000;148.600000;147.826975;314.088082;-0.158276;0.000000000;0.000000000
-1.893682238;-108.500000;149.300000;148.792437;314.665889;-0.172465;0.000000000;0.000000000
-1.884955592;-108.000000;148.800000;149.774193;315.250327;-0.186620;0.000000000;0.000000000
-1.876228946;-107.500000;150.700000;150.772554;315.841469;-0.200738;0.000000000;0.000000000
-1.867502300;-107.000000;152.300000;151.787840;316.439391;-0.214819;0.000000000;0.000000000
-1.858775653;-106.500000;152.600000;152.820378;317.044167;-0.228863;0.000000000;0.000000000
-1.850049007;-106.000000;154.300000;153.870504;317.655873;-0.242869;0.000000000;0.000000000
-1.841322361;-105.500000;154.400000;154.938559;318.274587;-0.256837;0.000000000;0.000000000
-1.832595715;-105.000000;155.900000;156.024897;318.900388;-0.270765;0.000000000;0.000000000
-1.823869068;-104.500000;156.400000;157.129876;319.533356;-0.284653;0.000000000;0.000000000
-1.815142422;-104.000000;158.300000;158.253867;320.173571;-0.298501;0.000000000;0.000000000
-1.806415776;-103.500000;158.900000;159.397246;320.821115;-0.312307;0.000000000;0.000000000
-1.797689130;-103.000000;160.200000;160.560402;321.476072;-0.326072;0.000000000;0.000000000
-1.788962483;-102.500000;161.300000;161.743732;322.138526;-0.339793;0.000000000;0.000000000
-1.780235837;-102.000000;162.300000;162.947642;322.808564;-0.353471;0.000000000;0.000000000
-1.771509191;-101.500000;163.700000;164.172549;323.486271;-0.367105;0.000000000;0.000000000
-1.762782545;-101.000000;164.400000;165.418882;324.171737;-0.380694;0.000000000;0.000000000
-1.754055898;-100.500000;165.700000;166.687078;324.865051;-0.394237;0.000000000;0.000000000
-1.745329252;-100.000000;167.100000;167.977586;325.566304;-0.407734;0.000000000;0.000000000
-1.736602606;-99.500000;168.500000;169.290868;326.275588;-0.421183;0.000000000;0.000000000
-1.727875959;-99.000000;169.600000;170.627396;326.992998;-0.434583;0.000000000;0.000000000
-1.719149313;-98.500000;171.600000;171.987654;327.718627;-0.447935;0.000000000;0.000000000
-1.710422667;-98.000000;172.900000;173.372139;328.452573;-0.461236;0.000000000;0.000000000
-1.701696021;-97.500000;173.800000;174.781361;329.194934;-0.474487;0.000000000;0.000000000
-1.692969374;-97.000000;175.700000;176.215842;329.945808;-0.487685;0.000000000;0.000000000
-1.684242728;-96.500000;177.300000;177.676120;330.705298;-0.500831;0.000000000;0.000000000
-1.675516082;-96.000000;178.700000;179.162744;331.473504;-0.513922;0.000000000;0.000000000
-1.666789436;-95.500000;180.200000;180.676279;332.250531;-0.526959;0.000000000;0.000000000
-1.658062789;-95.000000;182.000000;182.217304;333.036485;-0.539941;0.000000000;0.000000000
-1.649336143;-94.500000;183.200000;183.786414;333.831473;-0.552865;0.000000000;0.000000000
-1.640609497;-94.000000;184.600000;185.384219;334.635603;-0.565731;0.000000000;0.000000000
-1.631882851;-93.500000;186.000000;187.011347;335.448986;-0.578538;0.000000000;0.000000000
-1.623156204;-93.000000;187.900000;188.668439;336.271734;-0.591285;0.000000000;0.000000000
-1.614429558;-92.500000;189.400000;190.356157;337.103960;-0.603970;0.000000000;0.000000000
-1.605702912;-92.000000;191.300000;192.075178;337.945780;-0.616593;0.000000000;0.000000000
-1.596976266;-91.500000;192.900000;193.826199;338.797312;-0.629153;0.000000000;0.000000000
-1.588249619;-91.000000;194.700000;195.609935;339.658674;-0.641647;0.000000000;0.000000000
-1.579522973;-90.500000;196.500000;197.427119;340.529987;-0.654075;0.000000000;0.000000000
-1.570796327;-90.000000;198.400000;199.278507;341.411375;-0.666435;0.000000000;0.000000000
-1.562069681;-89.500000;200.400000;201.164873;342.302960;-0.678727;0.000000000;0.000000000
-1.553343034;-89.000000;202.100000;203.087015;343.204871;-0.690948;0.000000000;0.000000000
-1.544616388;-88.500000;204.100000;205.045749;344.117236;-0.703097;0.000000000;0.000000000
-1.535889742;-88.000000;206.500000;207.041916;345.040185;-0.715174;0.000000000;0.000000000
-1.527163095;-87.500000;208.300000;209.076382;345.973851;-0.727175;0.000000000;0.000000000
-1.518436449;-87.000000;210.300000;211.150033;346.918367;-0.739101;0.000000000;0.000000000
-1.509709803;-86.500000;212.400000;213.263783;347.873872;-0.750949;0.000000000;0.000000000
-1.500983157;-86.000000;214.300000;215.418570;348.840504;-0.762718;0.000000000;0.000000000
-1.492256510;-85.500000;217.000000;217.615360;349.818403;-0.774405;0.000000000;0.000000000
-1.483529864;-85.000000;218.900000;219.855144;350.807714;-0.786010;0.000000000;0.000000000
-1.474803218;-84.500000;221.400000;222.138943;351.808581;-0.797531;0.000000000;0.000000000
-1.466076572;-84.000000;223.700000;224.467807;352.821152;-0.808966;0.000000000;0.000000000
-1.457349925;-83.500000;226.200000;226.842815;353.845577;-0.820312;0.000000000;0.000000000
-1.448623279;-83.000000;228.200000;229.265077;354.882009;-0.831569;0.000000000;0.000000000
-1.439896633;-82.500000;230.600000;231.735737;355.930603;-0.842735;0.000000000;0.000000000
-1.431169987;-82.000000;233.300000;234.255969;356.991515;-0.853806;0.000000000;0.000000000
-1.422443340;-81.500000;235.900000;236.826985;358.064906;-0.864782;0.000000000;0.000000000
-1.413716694;-81.000000;238.600000;239.450028;359.150938;-0.875660;0.000000000;0.000000000
-1.404990048;-80.500000;241.100000;242.126381;360.249776;-0.886437;0.000000000;0.000000000
-1.396263402;-80.000000;243.800000;244.857362;361.361588;-0.897113;0.000000000;0.000000000
-1.387536755;-79.500000;246.000000;247.644331;362.486543;-0.907684;0.000000000;0.000000000
-1.378810109;-79.000000;248.700000;250.488684;363.624814;-0.918149;0.000000000;0.000000000
-1.370083463;-78.500000;251.600000;253.391863;364.776577;-0.928504;0.000000000;0.000000000
-1.361356817;-78.000000;254.700000;256.355349;365.942011;-0.938748;0.000000000;0.000000000
-1.352630170;-77.500000;258.000000;259.380672;367.121297;-0.948877;0.000000000;0.000000000
-1.343903524;-77.000000;260.700000;262.469404;368.314619;-0.958890;0.000000000;0.000000000
-1.335176878;-76.500000;264.200000;265.623165;369.522164;-0.968783;0.000000000;0.000000000
-1.326450232;-76.000000;266.900000;268.843626;370.744123;-0.978553;0.000000000;0.000000000
-1.317723585;-75.500000;270.200000;272.132508;371.980688;-0.988199;0.000000000;0.000000000
-1.308996939;-75.000000;274.000000;275.491584;373.232055;-0.997717;0.000000000;0.000000000
-1.300270293;-74.500000;277.000000;278.922682;374.498425;-1.007104;0.000000000;0.000000000
-1.291543646;-74.000000;280.700000;282.427685;375.780000;-1.016356;0.000000000;0.000000000
-1.282817000;-73.500000;284.200000;286.008536;377.076986;-1.025471;0.000000000;0.000000000
-1.274090354;-73.000000;287.700000;289.667237;378.389590;-1.034446;0.000000000;0.000000000
-1.265363708;-72.500000;291.300000;293.405853;379.718027;-1.043276;0.000000000;0.000000000
-1.256637061;-72.000000;294.900000;297.226512;381.062512;-1.051959;0.000000000;0.000000000
-1.247910415;-71.500000;298.800000;301.131410;382.423264;-1.060491;0.000000000;0.000000000
-1.239183769;-71.000000;302.300000;305.122812;383.800506;-1.068868;0.000000000;0.000000000
-1.230457123;-70.500000;306.600000;309.203054;385.194463;-1.077086;0.000000000;0.000000000
-1.221730476;-70.000000;310.500000;313.374547;386.605367;-1.085142;0.000000000;0.000000000
-1.213003830;-69.500000;315.000000;317.639776;388.033449;-1.093031;0.000000000;0.000000000
-1.204277184;-69.000000;319.200000;322.001308;389.478948;-1.100749;0.000000000;0.000000000
-1.195550538;-68.500000;323.300000;326.461790;390.942104;-1.108292;0.000000000;0.000000000
-1.186823891;-68.000000;327.800000;331.023957;392.423161;-1.115655;0.000000000;0.000000000
-1.178097245;-67.500000;332.800000;335.690627;393.922369;-1.122834;0.000000000;0.000000000
-1.169370599;-67.000000;337.300000;340.464713;395.439978;-1.129824;0.000000000;0.000000000
-1.160643953;-66.500000;341.700000;345.349222;396.976246;-1.136619;0.000000000;0.000000000
-1.151917306;-66.000000;346.500000;350.347259;398.531431;-1.143216;0.000000000;0.000000000
-1.143190660;-65.500000;351.900000;355.462026;400.105799;-1.149609;0.000000000;0.000000000
-1.134464014;-65.000000;357.100000;360.696836;401.699617;-1.155792;0.000000000;0.000000000
-1.125737368;-64.500000;362.200000;366.055105;403.313156;-1.161760;0.000000000;0.000000000
-1.117010721;-64.000000;367.500000;371.540367;404.946694;-1.167507;0.000000000;0.000000000
-1.108284075;-63.500000;373.400000;377.156267;406.600510;-1.173027;0.000000000;0.000000000
-1.099557429;-63.000000;378.500000;382.906574;408.274888;-1.178314;0.000000000;0.000000000
-1.090830782;-62.500000;383.900000;388.795180;409.970117;-1.183362;0.000000000;0.000000000
-1.082104136;-62.000000;390.000000;394.826106;411.686489;-1.188164;0.000000000;0.000000000
-1.073377490;-61.500000;395.700000;401.003510;413.424300;-1.192713;0.000000000;0.000000000
-1.064650844;-61.000000;402.900000;407.331686;415.183852;-1.197002;0.000000000;0.000000000
-1.055924197;-60.500000;408.700000;413.815074;416.965450;-1.201025;0.000000000;0.000000000
-1.047197551;-60.000000;415.700000;420.458259;418.769403;-1.204774;0.000000000;0.000000000
-1.038470905;-59.500000;421.500000;427.265984;420.596023;-1.208240;0.000000000;0.000000000
-1.029744259;-59.000000;428.400000;434.243151;422.445629;-1.211416;0.000000000;0.000000000
-1.021017612;-58.500000;434.900000;441.394826;424.318542;-1.214294;0.000000000;0.000000000
-1.012290966;-58.000000;441.700000;448.726245;426.215087;-1.216865;0.000000000;0.000000000
-1.003564320;-57.500000;449.600000;456.242825;428.135595;-1.219121;0.000000000;0.000000000
-0.994837674;-57.000000;456.900000;463.950163;430.080399;-1.221052;0.000000000;0.000000000
-0.986111027;-56.500000;464.500000;471.854048;432.049837;-1.222648;0.000000000;0.000000000
-0.977384381;-56.000000;472.200000;479.960464;434.044250;-1.223900;0.000000000;0.000000000
-0.968657735;-55.500000;480.200000;488.275599;436.063984;-1.224799;0.000000000;0.000000000
-0.959931089;-55.000000;488.400000;496.805852;438.109387;-1.225332;0.000000000;0.000000000
-0.951204442;-54.500000;497.200000;505.557840;440.180813;-1.225490;0.000000000;0.000000000
-0.942477796;-54.000000;505.100000;514.538402;442.278618;-1.225261;0.000000000;0.000000000
-0.933751150;-53.500000;514.200000;523.754613;444.403160;-1.224634;0.000000000;0.000000000
-0.925024504;-53.000000;523.500000;533.213787;446.554803;-1.223596;0.000000000;0.000000000
-0.916297857;-52.500000;532.800000;542.923489;448.733912;-1.222136;0.000000000;0.000000000
-0.907571211;-52.000000;542.600000;552.891536;450.940855;-1.220239;0.000000000;0.000000000
-0.898844565;-51.500000;552.100000;563.126014;453.176004;-1.217894;0.000000000;0.000000000
-0.890117919;-51.000000;562.000000;573.635282;455.439732;-1.215085;0.000000000;0.000000000
-0.881391272;-50.500000;572.300000;584.427984;457.732415;-1.211799;0.000000000;0.000000000
-0.872664626;-50.000000;583.300000;595.513050;460.054430;-1.208020;0.000000000;0.000000000
-0.863937980;-49.500000;593.800000;606.899715;462.406154;-1.203734;0.000000000;0.000000000
-0.855211333;-49.000000;604.700000;618.597526;464.787970;-1.198924;0.000000000;0.000000000
-0.846484687;-48.500000;616.500000;630.616342;467.200256;-1.193574;0.000000000;0.000000000
-0.837758041;-48.000000;628.400000;642.966355;469.643394;-1.187666;0.000000000;0.000000000
-0.829031395;-47.500000;640.300000;655.658097;472.117765;-1.181183;0.000000000;0.000000000
-0.820304748;-47.000000;652.600000;668.702445;474.623750;-1.174106;0.000000000;0.000000000
-0.811578102;-46.500000;665.100000;682.110631;477.161726;-1.166417;0.000000000;0.000000000
-0.802851456;-46.000000;678.300000;695.894256;479.732072;-1.158095;0.000000000;0.000000000
-0.794124810;-45.500000;691.600000;710.065296;482.335162;-1.149120;0.000000000;0.000000000
-0.785398163;-45.000000;705.600000;724.636115;484.971369;-1.139471;0.000000000;0.000000000
-0.776671517;-44.500000;720.000000;739.619461;487.641059;-1.129125;0.000000000;0.000000000
-0.767944871;-44.000000;734.600000;755.028495;490.344597;-1.118060;0.000000000;0.000000000
-0.759218225;-43.500000;749.400000;770.876783;493.082339;-1.106252;0.000000000;0.000000000
-0.750491578;-43.000000;764.700000;787.178313;495.854639;-1.093676;0.000000000;0.000000000
-0.741764932;-42.500000;780.800000;803.947494;498.661838;-1.080308;0.000000000;0.000000000
-0.733038286;-42.000000;796.600000;821.199172;501.504273;-1.066120;0.000000000;0.000000000
-0.724311640;-41.500000;813.500000;838.948629;504.382269;-1.051086;0.000000000;0.000000000
-0.715584993;-41.000000;830.500000;857.211593;507.296140;-1.035176;0.000000000;0.000000000
-0.706858347;-40.500000;848.100000;876.004232;510.246188;-1.018362;0.000000000;0.000000000
-0.698131701;-40.000000;865.800000;895.343172;513.232702;-1.000613;0.000000000;0.000000000
-0.689405055;-39.500000;885.100000;915.245488;516.255953;-0.981898;0.000000000;0.000000000
-0.680678408;-39.000000;904.100000;935.728707;519.316197;-0.962183;0.000000000;0.000000000
-0.671951762;-38.500000;924.300000;956.810801;522.413672;-0.941436;0.000000000;0.000000000
-0.663225116;-38.000000;944.800000;978.510193;525.548592;-0.919621;0.000000000;0.000000000
-0.654498469;-37.500000;966.100000;1000.845744;528.721150;-0.896702;0.000000000;0.000000000
-0.645771823;-37.000000;987.200000;1023.836738;531.931513;-0.872641;0.000000000;0.000000000
-0.637045177;-36.500000;1009.100000;1047.502882;535.179822;-0.847399;0.000000000;0.000000000
-0.628318531;-36.000000;1031.600000;1071.864283;538.466185;-0.820937;0.000000000;0.000000000
-0.619591884;-35.500000;1055.300000;1096.941435;541.790679;-0.793212;0.000000000;0.000000000
-0.610865238;-35.000000;1079.300000;1122.755185;545.153345;-0.764183;0.000000000;0.000000000
-0.602138592;-34.500000;1104.200000;1149.326723;548.554187;-0.733803;0.000000000;0.000000000
-0.593411946;-34.000000;1129.200000;1176.677545;551.993165;-0.702027;0.000000000;0.000000000
-0.584685299;-33.500000;1154.600000;1204.829408;555.470195;-0.668809;0.000000000;0.000000000
-0.575958653;-33.000000;1181.400000;1233.804275;558.985142;-0.634098;0.000000000;0.000000000
-0.567232007;-32.500000;1209.100000;1263.624293;562.537821;-0.597845;0.000000000;0.000000000
-0.558505361;-32.000000;1237.700000;1294.311715;566.127987;-0.559997;0.000000000;0.000000000
-0.549778714;-31.500000;1267.300000;1325.888848;569.755337;-0.520500;0.000000000;0.000000000
-0.541052068;-31.000000;1297.400000;1358.377960;573.419499;-0.479299;0.000000000;0.000000000
-0.532325422;-30.500000;1328.400000;1391.801220;577.120033;-0.436338;0.000000000;0.000000000
-0.523598776;-30.000000;1360.100000;1426.180589;580.856422;-0.391557;0.000000000;0.000000000
-0.514872129;-29.500000;1392.700000;1461.537722;584.628070;-0.344897;0.000000000;0.000000000
-0.506145483;-29.000000;1426.400000;1497.893837;588.434290;-0.296295;0.000000000;0.000000000
-0.497418837;-28.500000;1461.000000;1535.269613;592.274309;-0.245689;0.000000000;0.000000000
-0.488692191;-28.000000;1497.000000;1573.685026;596.147251;-0.193012;0.000000000;0.000000000
-0.479965544;-27.500000;1533.900000;1613.159214;600.052139;-0.138199;0.000000000;0.000000000
-0.471238898;-27.000000;1571.900000;1653.710265;603.987883;-0.081181;0.000000000;0.000000000
-0.462512252;-26.500000;1610.900000;1695.355074;607.953276;-0.021888;0.000000000;0.000000000
-0.453785606;-26.000000;1650.800000;1738.109112;611.946986;0.039749;0.000000000;0.000000000
-0.445058959;-25.500000;1691.400000;1781.986215;615.967551;0.103804;0.000000000;0.000000000
-0.436332313;-25.000000;1733.100000;1826.998321;620.013366;0.170349;0.000000000;0.000000000
-0.427605667;-24.500000;1776.200000;1873.155241;624.082684;0.239460;0.000000000;0.000000000
-0.418879020;-24.000000;1820.700000;1920.464362;628.173601;0.311211;0.000000000;0.000000000
-0.410152374;-23.500000;1866.200000;1968.930332;632.284051;0.385680;0.000000000;0.000000000
-0.401425728;-23.000000;1913.400000;2018.554775;636.411801;0.462942;0.000000000;0.000000000
-0.392699082;-22.500000;1961.300000;2069.335925;640.554439;0.543074;0.000000000;0.000000000
-0.383972435;-22.000000;2010.300000;2121.268280;644.709368;0.626156;0.000000000;0.000000000
-0.375245789;-21.500000;2060.500000;2174.342201;648.873799;0.712263;0.000000000;0.000000000
-0.366519143;-21.000000;2112.200000;2228.543549;653.044744;0.801472;0.000000000;0.000000000
-0.357792497;-20.500000;2166.100000;2283.853255;657.219008;0.893861;0.000000000;0.000000000
-0.349065850;-20.000000;2220.100000;2340.246902;661.393185;0.989504;0.000000000;0.000000000
-0.340339204;-19.500000;2274.700000;2397.694267;665.563646;1.088476;0.000000000;0.000000000
-0.331612558;-19.000000;2330.600000;2456.158910;669.726540;1.190848;0.000000000;0.000000000
-0.322885912;-18.500000;2388.100000;2515.597704;673.877788;1.296691;0.000000000;0.000000000
-0.314159265;-18.000000;2447.600000;2575.960402;678.013077;1.406072;0.000000000;0.000000000
-0.305432619;-17.500000;2507.500000;2637.189163;682.127858;1.519056;0.000000000;0.000000000
-0.296705973;-17.000000;2568.200000;2699.218169;686.217346;1.635703;0.000000000;0.000000000
-0.287979327;-16.500000;2629.600000;2761.973187;690.276518;1.756069;0.000000000;0.000000000
-0.279252680;-16.000000;2692.200000;2825.371204;694.300116;1.880206;0.000000000;0.000000000
-0.270526034;-15.500000;2755.100000;2889.320049;698.282646;2.008159;0.000000000;0.000000000
-0.261799388;-15.000000;2818.800000;2953.718142;702.218390;2.139970;0.000000000;0.000000000
-0.253072742;-14.500000;2883.900000;3018.454225;706.101405;2.275670;0.000000000;0.000000000
-0.244346095;-14.000000;2949.900000;3083.407198;709.925538;2.415286;0.000000000;0.000000000
-0.235619449;-13.500000;3016.600000;3148.445997;713.684433;2.558835;0.000000000;0.000000000
-0.226892803;-13.000000;3083.600000;3213.429623;717.371548;2.706326;0.000000000;0.000000000
-0.218166156;-12.500000;3151.000000;3278.207232;720.980170;2.857757;0.000000000;0.000000000
-0.209439510;-12.000000;3216.900000;3342.618315;724.503432;3.013118;0.000000000;0.000000000
-0.200712864;-11.500000;3284.000000;3406.493074;727.934338;3.172386;0.000000000;0.000000000
-0.191986218;-11.000000;3350.600000;3469.652862;731.265788;3.335528;0.000000000;0.000000000
-0.183259571;-10.500000;3417.100000;3531.910808;734.490603;3.502497;0.000000000;0.000000000
-0.174532925;-10.000000;3483.900000;3593.072552;737.601555;3.673235;0.000000000;0.000000000
-0.165806279;-9.500000;3550.600000;3652.937204;740.591402;3.847670;0.000000000;0.000000000
-0.157079633;-9.000000;3616.500000;3711.298377;743.452925;4.025716;0.000000000;0.000000000
-0.148352986;-8.500000;3681.600000;3767.945421;746.178960;4.207273;0.000000000;0.000000000
-0.139626340;-8.000000;3745.700000;3822.664786;748.762444;4.392227;0.000000000;0.000000000
-0.130899694;-7.500000;3808.100000;3875.241576;751.196454;4.580450;0.000000000;0.000000000
-0.122173048;-7.000000;3868.700000;3925.461169;753.474251;4.771798;0.000000000;0.000000000
-0.113446401;-6.500000;3927.600000;3973.110993;755.589324;4.966113;0.000000000;0.000000000
-0.104719755;-6.000000;3985.100000;4017.982362;757.535435;5.163224;0.000000000;0.000000000
-0.095993109;-5.500000;4039.700000;4059.872438;759.306664;5.362944;0.000000000;0.000000000
-0.087266463;-5.000000;4092.200000;4098.586185;760.897454;5.565075;0.000000000;0.000000000
-0.078539816;-4.500000;4143.300000;4133.938356;762.302654;5.769405;0.000000000;0.000000000
-0.069813170;-4.000000;4191.200000;4165.755443;763.517559;5.975709;0.000000000;0.000000000
-0.061086524;-3.500000;4237.000000;4193.877616;764.537951;6.183752;0.000000000;0.000000000
-0.052359878;-3.000000;4277.300000;4218.160514;765.360137;6.393289;0.000000000;0.000000000
-0.043633231;-2.500000;4311.700000;4238.476944;765.980976;6.604066;0.000000000;0.000000000
-0.034906585;-2.000000;4343.100000;4254.718401;766.397914;6.815821;0.000000000;0.000000000
-0.026179939;-1.500000;4370.300000;4266.796417;766.609005;7.028286;0.000000000;0.000000000
-0.017453293;-1.000000;4400.700000;4274.643656;766.612931;7.241189;0.000000000;0.000000000
-0.008726646;-0.500000;4407.800000;4278.214782;766.409015;7.454253;0.000000000;0.000000000
0.000000000;0.000000;4437.700000;4277.487052;765.997231;7.667201;0.000000000;0.000000000
0.008726646;0.500000;4437.400000;4272.460634;765.378204;7.879755;0.000000000;0.000000000
0.017453293;1.000000;4461.400000;4263.158626;764.553210;8.091640;0.000000000;0.000000000
0.026179939;1.500000;4452.000000;4249.626792;763.524164;8.302582;0.000000000;0.000000000
0.034906585;2.000000;4472.700000;4231.933946;762.293774;8.512313;0.000000000;0.000000000
0.043633231;2.500000;4454.600000;4252.888385;768.585423;8.722894;0.008635017;1.501926913
0.052359878;3.000000;4468.100000;4305.686221;781.241156;8.940391;0.024640442;2.125493484
0.061086524;3.500000;4448.400000;4376.079183;797.753039;9.168405;0.045236251;2.573621706
0.069813170;4.000000;4457.800000;4457.894298;817.062024;9.409403;0.069258393;2.917453559
0.078539816;4.500000;4440.900000;4546.953305;838.463052;9.665229;0.095936549;3.185661859
0.087266463;5.000000;4453.700000;4640.038691;861.417442;9.937275;0.124684599;3.393853997
0.095993109;5.500000;4469.600000;4734.528328;885.485681;10.226556;0.155025408;3.552086266
0.104719755;6.000000;4540.400000;4828.229991;910.296506;10.533764;0.186556091;3.667602250
0.113446401;6.500000;4651.300000;4919.293990;935.530376;10.859301;0.218929384;3.746042000
0.122173048;7.000000;4826.800000;5006.161271;960.909674;11.203303;0.251842570;3.792045634
0.130899694;7.500000;5019.000000;5087.528913;986.192371;11.565671;0.285030303;3.809581109
0.139626340;8.000000;5187.300000;5162.324735;1011.167628;11.946087;0.318259664;3.802133564
0.148352986;8.500000;5288.100000;5229.686552;1035.652494;12.344042;0.351326473;3.772819883
0.157079633;9.000000;5352.400000;5288.944025;1059.489296;12.758855;0.384052418;3.724460771
0.165806279;9.500000;5436.700000;5339.601797;1082.543432;13.189696;0.416282678;3.659627667
0.174532925;10.000000;5534.500000;5381.323457;1104.701474;13.635611;0.447883913;3.580674271
0.183259571;10.500000;5590.400000;5413.915895;1125.869414;14.095541;0.478742452;3.489758599
0.191986218;11.000000;5590.500000;5437.314077;1145.971060;14.568342;0.508762667;3.388859041
0.200712864;11.500000;5593.200000;5451.566193;1164.946514;15.052808;0.537865444;3.279786727
0.209439510;12.000000;5602.300000;5456.819302;1182.750748;15.547689;0.565986794;3.164195444
0.218166156;12.500000;5591.600000;5453.305496;1199.352221;16.051708;0.593076500;3.043590223
0.226892803;13.000000;5536.200000;5441.328748;1214.731576;16.563576;0.619096861;2.919335017
0.235619449;13.500000;5478.000000;5421.252496;1228.880381;17.082011;0.644021482;2.792659968
0.244346095;14.000000;5442.500000;5393.488042;1241.799948;17.605746;0.667834153;2.664668276
0.253072742;14.500000;5422.900000;5358.483841;1253.500197;18.133543;0.690527759;2.536343080
0.261799388;15.000000;5378.900000;5316.715727;1263.998586;18.664202;0.712103262;2.408554280
0.270526034;15.500000;5294.200000;5268.678026;1273.319110;19.196572;0.732568751;2.282065219
0.279252680;16.000000;5183.400000;5214.875670;1281.491358;19.729551;0.751938533;2.157539484
0.287979327;16.500000;5110.500000;5155.817203;1288.549637;20.262101;0.770232299;2.035547583
0.296705973;17.000000;5074.700000;5092.008726;1294.532156;20.793241;0.787474328;1.916573657
0.305432619;17.500000;5035.700000;5023.948641;1299.480286;21.322059;0.803692780;1.801021949
0.314159265;18.000000;4960.100000;4952.123280;1303.437872;21.847710;0.818919014;1.689223292
0.322885912;18.500000;4871.100000;4877.003244;1306.450611;22.369415;0.833186979;1.581441357
0.331612558;19.000000;4768.000000;4799.040496;1308.565490;22.886463;0.846532652;1.477878781
0.340339204;19.500000;4675.000000;4718.666018;1309.830281;23.398211;0.858993536;1.378682958
0.349065850;20.000000;4606.100000;4636.288117;1310.293098;23.904081;0.870608200;1.283951710
0.357792497;20.500000;4550.300000;4552.291199;1310.001990;24.403559;0.881415868;1.193738617
0.366519143;21.000000;4481.000000;4467.035061;1309.004605;24.896190;0.891456058;1.108058135
0.375245789;21.500000;4393.600000;4380.854462;1307.347886;25.381578;0.900768260;1.026890321
0.383972435;22.000000;4301.700000;4294.059150;1305.077810;25.859385;0.909391659;0.950185354
0.392699082;22.500000;4214.800000;4206.934104;1302.239178;26.329321;0.917364888;0.877867698
0.401425728;23.000000;4126.300000;4119.740089;1298.875435;26.791147;0.924725822;0.809840008
0.410152374;23.500000;4047.300000;4032.714290;1295.028518;27.244669;0.931511406;0.745986646
0.418879020;24.000000;3978.300000;3946.071214;1290.738747;27.689737;0.937757508;0.686176990
0.427605667;24.500000;3909.000000;3860.003654;1286.044738;28.126236;0.943498803;0.630268393
0.436332313;25.000000;3825.800000;3774.683800;1280.983339;28.554092;0.948768674;0.578108912
0.445058959;25.500000;3735.600000;3690.264300;1275.589588;28.973258;0.953599150;0.529539691
0.453785606;26.000000;3644.600000;3606.879464;1269.896695;29.383719;0.958020853;0.484397150
0.462512252;26.500000;3567.800000;3524.646489;1263.936040;29.785489;0.962062960;0.442514922
0.471238898;27.000000;3497.200000;3443.666585;1257.737183;30.178601;0.965753192;0.403725513
0.479965544;27.500000;3430.600000;3364.026191;1251.327888;30.563112;0.969117809;0.367861795
0.488692191;28.000000;3354.200000;3285.798103;1244.734158;30.939099;0.972181620;0.334758274
0.497418837;28.500000;3278.800000;3209.042633;1237.980283;31.306652;0.974967999;0.304252190
0.506145483;29.000000;3208.000000;3133.808625;1231.088888;31.665879;0.977498915;0.276184408
0.514872129;29.500000;3131.800000;3060.134523;1224.080991;32.016897;0.979794968;0.250400194
0.523598776;30.000000;3053.900000;2988.049329;1216.976067;32.359837;0.981875429;0.226749828
0.532325422;30.500000;2982.900000;2917.573549;1209.792116;32.694837;0.983758286;0.205089093
0.541052068;31.000000;2923.700000;2848.720027;1202.545726;33.022042;0.985460294;0.185279642
0.549778714;31.500000;2864.000000;2781.494776;1195.252147;33.341604;0.986997026;0.167189272
0.558505361;32.000000;2800.700000;2715.897723;1187.925361;33.653681;0.988382931;0.150692099
0.567232007;32.500000;2733.400000;2651.923438;1180.578152;33.958431;0.989631386;0.135668664
0.575958653;33.000000;2667.200000;2589.561739;1173.222176;34.256020;0.990754753;0.122005955
0.584685299;33.500000;2605.500000;2528.798308;1165.868030;34.546610;0.991764439;0.109597378
0.593411946;34.000000;2550.100000;2469.615231;1158.525317;34.830369;0.992670944;0.098342676
0.602138592;34.500000;2494.900000;2411.991517;1151.202719;35.107463;0.993483925;0.088147810
0.610865238;35.000000;2442.700000;2355.903520;1143.908050;35.378056;0.994212240;0.078924790
0.619591884;35.500000;2391.900000;2301.325369;1136.648326;35.642314;0.994864010;0.070591491
0.628318531;36.000000;2339.100000;2248.229328;1129.429815;35.900401;0.995446659;0.063071442
0.637045177;36.500000;2285.300000;2196.586158;1122.258102;36.152479;0.995966972;0.056293598
0.645771823;37.000000;2231.000000;2146.365381;1115.138133;36.398706;0.996431135;0.050192094
0.654498469;37.500000;2181.200000;2097.535571;1108.074271;36.639240;0.996844779;0.044705996
0.663225116;38.000000;2135.100000;2050.064585;1101.070342;36.874236;0.997213028;0.039779046
0.671951762;38.500000;2092.900000;2003.919794;1094.129678;37.103845;0.997540530;0.035359408
0.680678408;39.000000;2049.500000;1959.068239;1087.255160;37.328216;0.997831503;0.031399402
0.689405055;39.500000;2004.100000;1915.476818;1080.449257;37.547494;0.998089762;0.027855262
0.698131701;40.000000;1958.400000;1873.112442;1073.714065;37.761821;0.998318761;0.024686876
0.706858347;40.500000;1914.900000;1831.942128;1067.051337;37.971336;0.998521616;0.021857554
0.715584993;41.000000;1871.100000;1791.933134;1060.462515;38.176174;0.998701136;0.019333786
0.724311640;41.500000;1830.400000;1753.053041;1053.948762;38.376467;0.998859854;0.017085020
0.733038286;42.000000;1793.000000;1715.269851;1047.510991;38.572343;0.999000045;0.015083444
0.741764932;42.500000;1757.700000;1678.552029;1041.149883;38.763927;0.999123755;0.013303784
0.750491578;43.000000;1721.500000;1642.868580;1034.865916;38.951340;0.999232818;0.011723103
0.759218225;43.500000;1686.100000;1608.189081;1028.659381;39.134701;0.999328880;0.010320617
0.767944871;44.000000;1648.700000;1574.483743;1022.530411;39.314124;0.999413410;0.009077523
0.776671517;44.500000;1613.400000;1541.723416;1016.478987;39.489720;0.999487726;0.007976836
0.785398163;45.000000;1579.600000;1509.879625;1010.504962;39.661597;0.999553002;0.007003228
0.794124810;45.500000;1548.800000;1478.924583;1004.608074;39.829860;0.999610285;0.006142893
0.802851456;46.000000;1518.800000;1448.831218;998.787958;39.994610;0.999660509;0.005383409
0.811578102;46.500000;1489.600000;1419.573158;993.044161;40.155946;0.999704504;0.004713617
0.820304748;47.000000;1460.100000;1391.124750;987.376149;40.313963;0.999743009;0.004123501
0.829031395;47.500000;1430.800000;1363.461052;981.783323;40.468755;0.999776678;0.003604089
0.837758041;48.000000;1403.600000;1336.557846;976.265022;40.620409;0.999806094;0.003147349
0.846484687;48.500000;1376.400000;1310.391609;970.820536;40.769014;0.999831771;0.002746102
0.855211333;49.000000;1349.000000;1284.939521;965.449111;40.914653;0.999854165;0.002393939
0.863937980;49.500000;1323.600000;1260.179451;960.149954;41.057408;0.999873679;0.002085147
0.872664626;50.000000;1300.300000;1236.089953;954.922244;41.197357;0.999890669;0.001814637
0.881391272;50.500000;1276.500000;1212.650238;949.765134;41.334578;0.999905449;0.001577882
0.890117919;51.000000;1253.100000;1189.840173;944.677755;41.469144;0.999918295;0.001370859
0.898844565;51.500000;1229.900000;1167.640269;939.659222;41.601126;0.999929451;0.001190001
0.907571211;52.000000;1206.800000;1146.031654;934.708638;41.730595;0.999939131;0.001032143
0.916297857;52.500000;1183.300000;1124.996066;929.825097;41.857617;0.999947524;0.000894484
0.925024504;53.000000;1162.200000;1104.515834;925.007684;41.982257;0.999954795;0.000774546
0.933751150;53.500000;1141.900000;1084.573870;920.255484;42.104579;0.999961088;0.000670142
0.942477796;54.000000;1122.100000;1065.153641;915.567580;42.224644;0.999966530;0.000579338
0.951204442;54.500000;1102.400000;1046.239156;910.943053;42.342510;0.999971234;0.000500432
0.959931089;55.000000;1083.500000;1027.814955;906.380989;42.458235;0.999975295;0.000431925
0.968657735;55.500000;1064.100000;1009.866093;901.880479;42.571875;0.999978798;0.000372498
0.977384381;56.000000;1045.000000;992.378116;897.440618;42.683483;0.999981819;0.000320991
0.986111027;56.500000;1026.000000;975.337053;893.060506;42.793112;0.999984421;0.000276387
0.994837674;57.000000;1008.700000;958.729396;888.739255;42.900812;0.999986660;0.000237793
1.003564320;57.500000;990.700000;942.542093;884.475982;43.006631;0.999988586;0.000204428
1.012290966;58.000000;974.800000;926.762521;880.269816;43.110618;0.999990241;0.000175607
1.021017612;58.500000;958.800000;911.378480;876.119894;43.212818;0.999991663;0.000150732
1.029744259;59.000000;943.400000;896.378174;872.025364;43.313276;0.999992882;0.000129281
1.038470905;59.500000;927.400000;881.750207;867.985385;43.412035;0.999993928;0.000110797
1.047197551;60.000000;912.200000;867.483555;863.999129;43.509137;0.999994823;0.000094883
1.055924197;60.500000;897.000000;853.567564;860.065778;43.604622;0.999995590;0.000081193
1.064650844;61.000000;882.500000;839.991932;856.184524;43.698531;0.999996246;0.000069426
1.073377490;61.500000;868.100000;826.746702;852.354576;43.790901;0.999996807;0.000059319
1.082104136;62.000000;854.300000;813.822245;848.575149;43.881769;0.999997286;0.000050646
1.090830782;62.500000;841.900000;801.209248;844.845476;43.971171;0.999997694;0.000043208
1.099557429;63.000000;829.700000;788.898706;841.164798;44.059143;0.999998043;0.000036835
1.108284075;63.500000;817.400000;776.881916;837.532370;44.145718;0.999998340;0.000031379
1.117010721;64.000000;804.300000;765.150453;833.947460;44.230930;0.999998593;0.000026711
1.125737368;64.500000;792.700000;753.696170;830.409346;44.314809;0.999998808;0.000022721
1.134464014;65.000000;780.900000;742.511191;826.917320;44.397388;0.999998991;0.000019313
1.143190660;65.500000;769.800000;731.587892;823.470684;44.478695;0.999999147;0.000016404
1.151917306;66.000000;758.200000;720.918897;820.068754;44.558762;0.999999279;0.000013923
1.160643953;66.500000;748.200000;710.497069;816.710857;44.637615;0.999999391;0.000011809
1.169370599;67.000000;737.100000;700.315506;813.396331;44.715283;0.999999486;0.000010009
1.178097245;67.500000;727.500000;690.367522;810.124526;44.791792;0.999999566;0.000008477
1.186823891;68.000000;716.800000;680.646649;806.894803;44.867168;0.999999634;0.000007174
1.195550538;68.500000;707.100000;671.146626;803.706535;44.941438;0.999999692;0.000006067
1.204277184;69.000000;697.500000;661.861392;800.559105;45.014625;0.999999741;0.000005128
1.213003830;69.500000;686.900000;652.785077;797.451907;45.086754;0.999999782;0.000004331
1.221730476;70.000000;677.600000;643.912000;794.384348;45.157847;0.999999817;0.000003655
1.230457123;70.500000;667.600000;635.236656;791.355840;45.227928;0.999999846;0.000003082
1.239183769;71.000000;659.700000;626.753717;788.365812;45.297018;0.999999871;0.000002598
1.247910415;71.500000;651.600000;618.458020;785.413699;45.365140;0.999999891;0.000002188
1.256637061;72.000000;642.900000;610.344563;782.498946;45.432313;0.999999909;0.000001841
1.265363708;72.500000;633.800000;602.408499;779.621010;45.498558;0.999999924;0.000001548
1.274090354;73.000000;625.500000;594.645137;776.779355;45.563895;0.999999936;0.000001301
1.282817000;73.500000;616.900000;587.049924;773.973458;45.628343;0.999999947;0.000001093
1.291543646;74.000000;609.400000;579.618453;771.202802;45.691922;0.999999955;0.000000917
1.300270293;74.500000;601.200000;572.346446;768.466879;45.754648;0.999999963;0.000000769
1.308996939;75.000000;593.500000;565.229763;765.765193;45.816540;0.999999969;0.000000645
1.317723585;75.500000;586.500000;558.264386;763.097255;45.877615;0.999999974;0.000000540
1.326450232;76.000000;579.200000;551.446418;760.462584;45.937890;0.999999978;0.000000452
1.335176878;76.500000;572.200000;544.772085;757.860707;45.997382;0.999999982;0.000000378
1.343903524;77.000000;566.100000;538.237721;755.291163;46.056106;0.999999985;0.000000316
1.352630170;77.500000;559.400000;531.839773;752.753494;46.114078;0.999999987;0.000000264
1.361356817;78.000000;552.500000;525.574793;750.247253;46.171313;0.999999990;0.000000220
1.370083463;78.500000;546.200000;519.439438;747.772001;46.227826;0.999999991;0.000000184
1.378810109;79.000000;540.300000;513.430461;745.327305;46.283631;0.999999993;0.000000153
1.387536755;79.500000;534.400000;507.544714;742.912742;46.338743;0.999999994;0.000000128
1.396263402;80.000000;528.500000;501.779139;740.527892;46.393175;0.999999995;0.000000106
1.404990048;80.500000;522.900000;496.130770;738.172348;46.446941;0.999999996;0.000000089
1.413716694;81.000000;518.000000;490.596727;735.845705;46.500053;0.999999997;0.000000074
1.422443340;81.500000;512.700000;485.174212;733.547568;46.552525;0.999999997;0.000000061
1.431169987;82.000000;507.500000;479.860510;731.277547;46.604369;0.999999998;0.000000051
1.439896633;82.500000;501.500000;474.652985;729.035261;46.655596;0.999999998;0.000000042
1.448623279;83.000000;495.800000;469.549076;726.820332;46.706219;0.999999998;0.000000035
1.457349925;83.500000;490.600000;464.546294;724.632392;46.756250;0.999999999;0.000000029
1.466076572;84.000000;485.900000;459.642221;722.471077;46.805699;0.999999999;0.000000024
1.474803218;84.500000;480.100000;454.834512;720.336030;46.854578;0.999999999;0.000000020
1.483529864;85.000000;475.300000;450.120885;718.226900;46.902897;0.999999999;0.000000016
1.492256510;85.500000;471.200000;445.499120;716.143342;46.950667;0.999999999;0.000000014
1.500983157;86.000000;466.800000;440.967065;714.085015;46.997898;0.999999999;0.000000011
1.509709803;86.500000;461.600000;436.522624;712.051588;47.044600;1.000000000;0.000000009
1.518436449;87.000000;456.800000;432.163761;710.042732;47.090783;1.000000000;0.000000008
1.527163095;87.500000;451.900000;427.888496;708.058123;47.136457;1.000000000;0.000000006
1.535889742;88.000000;447.500000;423.694904;706.097445;47.181630;1.000000000;0.000000005
1.544616388;88.500000;443.000000;419.581115;704.160385;47.226312;1.000000000;0.000000004
1.553343034;89.000000;438.700000;415.545306;702.246638;47.270512;1.000000000;0.000000004
1.562069681;89.500000;434.800000;411.585707;700.355900;47.314239;1.000000000;0.000000003
1.570796327;90.000000;430.500000;407.700596;698.487875;47.357501;1.000000000;0.000000002
1.579522973;90.500000;426.500000;403.888297;696.642272;47.400306;1.000000000;0.000000002
1.588249619;91.000000;422.400000;400.147180;694.818803;47.442663;1.000000000;0.000000002
1.596976266;91.500000;417.900000;396.475656;693.017184;47.484579;1.000000000;0.000000001
1.605702912;92.000000;414.400000;392.872184;691.237140;47.526063;1.000000000;0.000000001
1.614429558;92.500000;410.700000;389.335259;689.478395;47.567122;1.000000000;0.000000001
1.623156204;93.000000;407.300000;385.863420;687.740682;47.607763;1.000000000;0.000000001
1.631882851;93.500000;404.200000;382.455240;686.023734;47.647994;1.000000000;0.000000001
1.640609497;94.000000;401.100000;379.109335;684.327293;47.687822;1.000000000;0.000000000
1.649336143;94.500000;397.800000;375.824354;682.651100;47.727255;1.000000000;0.000000000
1.658062789;95.000000;394.800000;372.598983;680.994906;47.766297;1.000000000;0.000000000
1.666789436;95.500000;392.100000;369.431940;679.358460;47.804958;1.000000000;0.000000000
1.675516082;96.000000;389.100000;366.321980;677.741519;47.843242;1.000000000;0.000000000
1.684242728;96.500000;385.800000;363.267887;676.143843;47.881157;1.000000000;0.000000000
1.692969374;97.000000;383.000000;360.268477;674.565194;47.918709;1.000000000;0.000000000
1.701696021;97.500000;380.000000;357.322599;673.005340;47.955904;1.000000000;0.000000000
1.710422667;98.000000;377.400000;354.429128;671.464053;47.992747;1.000000000;0.000000000
1.719149313;98.500000;374.800000;351.586969;669.941105;48.029246;1.000000000;0.000000000
1.727875959;99.000000;372.200000;348.795056;668.436276;48.065405;1.000000000;0.000000000
1.736602606;99.500000;369.600000;346.052349;666.949345;48.101231;1.000000000;0.000000000
1.745329252;100.000000;367.200000;343.357834;665.480099;48.136729;1.000000000;0.000000000
1.754055898;100.500000;364.400000;340.710522;664.028325;48.171904;1.000000000;0.000000000
1.762782545;101.000000;361.600000;338.109451;662.593815;48.206762;1.000000000;0.000000000
1.771509191;101.500000;358.700000;335.553681;661.176363;48.241308;1.000000000;0.000000000
1.780235837;102.000000;356.100000;333.042297;659.775767;48.275547;1.000000000;0.000000000
1.788962483;102.500000;353.500000;330.574404;658.391827;48.309484;1.000000000;0.000000000
1.797689130;103.000000;351.400000;328.149131;657.024348;48.343124;1.000000000;0.000000000
1.806415776;103.500000;349.100000;325.765630;655.673137;48.376473;1.000000000;0.000000000
1.815142422;104.000000;346.500000;323.423070;654.338003;48.409534;1.000000000;0.000000000
1.823869068;104.500000;343.700000;321.120643;653.018759;48.442312;1.000000000;0.000000000
1.832595715;105.000000;340.800000;318.857560;651.715220;48.474813;1.000000000;0.000000000
1.841322361;105.500000;338.500000;316.633052;650.427205;48.507039;1.000000000;0.000000000
1.850049007;106.000000;336.000000;314.446367;649.154535;48.538997;1.000000000;0.000000000
1.858775653;106.500000;334.100000;312.296772;647.897033;48.570690;1.000000000;0.000000000
1.867502300;107.000000;331.700000;310.183551;646.654527;48.602122;1.000000000;0.000000000
1.876228946;107.500000;329.400000;308.106007;645.426845;48.633298;1.000000000;0.000000000
1.884955592;108.000000;327.500000;306.063457;644.213819;48.664221;1.000000000;0.000000000
1.893682238;108.500000;325.500000;304.055235;643.015282;48.694896;1.000000000;0.000000000
1.902408885;109.000000;323.800000;302.080693;641.831072;48.725327;1.000000000;0.000000000
1.911135531;109.500000;322.300000;300.139196;640.661027;48.755517;1.000000000;0.000000000
1.919862177;110.000000;320.400000;298.230125;639.504990;48.785470;1.000000000;0.000000000
1.928588823;110.500000;318.300000;296.352874;638.362802;48.815190;1.000000000;0.000000000
1.937315470;111.000000;316.600000;294.506852;637.234312;48.844681;1.000000000;0.000000000
1.946042116;111.500000;315.000000;292.691484;636.119367;48.873946;1.000000000;0.000000000
1.954768762;112.000000;312.900000;290.906206;635.017817;48.902989;1.000000000;0.000000000
1.963495408;112.500000;311.500000;289.150467;633.929516;48.931813;1.000000000;0.000000000
1.972222055;113.000000;310.100000;287.423728;632.854318;48.960422;1.000000000;0.000000000
1.980948701;113.500000;308.800000;285.725466;631.792081;48.988818;1.000000000;0.000000000
1.989675347;114.000000;307.400000;284.055167;630.742665;49.017006;1.000000000;0.000000000
1.998401994;114.500000;306.400000;282.412330;629.705929;49.044989;1.000000000;0.000000000
